{
  "male": {
    "count": 117,
    "proportion": 57.920792079207914
  },
  "female": {
    "count": 85,
    "proportion": 42.07920792079208
  },
  "other": {
    "count": 0,
    "proportion": 0.0
  }
}