{
  "male": {
    "count": 98,
    "proportion": 57.98816568047337
  },
  "female": {
    "count": 71,
    "proportion": 42.01183431952663
  },
  "other": {
    "count": 0,
    "proportion": 0.0
  }
}