{
  "male": {
    "count": 92,
    "proportion": 58.97435897435898
  },
  "female": {
    "count": 64,
    "proportion": 41.02564102564102
  },
  "other": {
    "count": 0,
    "proportion": 0.0
  }
}