{
  "male": {
    "count": 63,
    "proportion": 57.27272727272727
  },
  "female": {
    "count": 47,
    "proportion": 42.72727272727273
  },
  "other": {
    "count": 0,
    "proportion": 0.0
  }
}